Flight_ID,Aircraft_Type,Route,Flight_Duration,Turnaround_Time,Route_Distance,Passenger_Capacity,Actual_Passengers
FL1020,ATR72,Chennai-Pune,139.0,31.0,1190.0,72,51
FL1043,B737-800,Chennai-Delhi,217.0,50.0,1760.0,174,146
FL1155,B737-800,Chennai-Delhi,224.0,48.0,1760.0,174,142
FL1099,A320,Chennai-Madurai,53.0,68.0,460.0,180,162
FL1147,A321,Chennai-Hyderabad,61.0,74.0,510.0,220,176
FL1016,B737-800,Chennai-Mumbai,128.0,45.0,1030.0,174,151
FL1025,A320,Chennai-Delhi,211.0,57.0,1760.0,180,136
FL1069,ATR72,Chennai-Hyderabad,56.0,31.0,510.0,72,58
FL1116,A320,Chennai-Delhi,219.0,61.0,1760.0,180,132
FL1097,ATR72,Chennai-Bengaluru,40.0,44.0,,72,69
FL1096,A320,Chennai-Madurai,64.0,51.0,460.0,180,170
FL1161,A320,Chennai-Kochi,57.0,48.0,520.0,180,108
FL1070,A320,Chennai-Hyderabad,59.0,57.0,510.0,180,133
FL1112,A320,Chennai-Kochi,60.0,49.0,520.0,180,117
FL1046,B737-800,Chennai-Delhi,211.0,56.0,1760.0,174,119
FL1017,A321,Chennai-Hyderabad,56.0,59.0,510.0,220,167
FL1052,A320,Chennai-Delhi,219.0,64.0,1760.0,180,144
FL1128,A320,Chennai-Hyderabad,57.0,41.0,510.0,180,145
FL1098,B737-800,Chennai-Bengaluru,40.0,43.0,290.0,174,148
FL1057,A320,Chennai-Delhi,209.0,54.0,1760.0,180,159
FL1175,B737-800,Chennai-Kolkata,166.0,47.0,1380.0,174,141
FL1123,A321,Chennai-Bengaluru,43.0,66.0,290.0,220,165
FL1145,B737-800,Chennai-Kolkata,173.0,68.0,1380.0,174,111
FL1031,B737-800,Chennai-Madurai,59.0,65.0,460.0,174,151
FL1010,ATR72,Chennai-Pune,138.0,25.0,1190.0,72,46
FL1124,B737-800,Chennai-Mumbai,116.0,55.0,1030.0,174,142
FL1061,B737-800,Chennai-Delhi,216.0,47.0,1760.0,174,126
FL1019,B737-800,Chennai-Kolkata,161.0,39.0,1380.0,174,135
FL1166,A321,Chennai-Hyderabad,68.0,49.0,510.0,220,173
FL1144,A320,Chennai-Hyderabad,66.0,58.0,510.0,180,150
FL1173,B737-800,Chennai-Hyderabad,67.0,58.0,510.0,174,143
FL1056,A320,Chennai-Delhi,210.0,57.0,1760.0,180,137
FL1091,ATR72,Chennai-Bengaluru,40.0,33.0,290.0,72,64
FL1083,ATR72,Chennai-Bengaluru,43.0,34.0,290.0,72,58
FL1067,B737-800,Chennai-Mumbai,133.0,42.0,1030.0,174,150
FL1030,A321,Chennai-Kochi,73.0,71.0,520.0,220,115
FL1120,A321,Chennai-Delhi,210.0,51.0,1760.0,220,169
FL1066,B737-800,Chennai-Madurai,55.0,50.0,460.0,174,159
FL1068,A321,Chennai-Mumbai,125.0,65.0,1030.0,220,183
FL1032,ATR72,Chennai-Delhi,204.0,36.0,1760.0,72,56
FL1013,A320,Chennai-Mumbai,119.0,59.0,1030.0,180,156
FL1042,B737-800,Chennai-Madurai,,54.0,460.0,174,155
FL1127,A321,Chennai-Bengaluru,48.0,70.0,290.0,220,193
FL1094,A320,Chennai-Kochi,67.0,63.0,520.0,180,113
FL1115,A321,Chennai-Bengaluru,49.0,57.0,290.0,220,191
FL1086,A321,Chennai-Pune,154.0,66.0,1190.0,220,147
FL1118,B737-800,Chennai-Hyderabad,68.0,42.0,510.0,174,133
FL1039,A321,Chennai-Madurai,53.0,56.0,460.0,220,194
FL1119,ATR72,Chennai-Kolkata,175.0,28.0,1380.0,72,53
FL1151,ATR72,Chennai-Madurai,61.0,30.0,460.0,72,69
FL1076,A321,Chennai-Mumbai,135.0,60.0,1030.0,220,167
FL1162,B737-800,Chennai-Madurai,55.0,51.0,460.0,174,139
FL1003,A321,Chennai-Kolkata,167.0,60.0,1380.0,220,166
FL1109,B737-800,Chennai-Hyderabad,71.0,53.0,510.0,174,126
FL1047,B737-800,Chennai-Pune,133.0,39.0,1190.0,174,122
FL1163,A320,Chennai-Kochi,61.0,42.0,520.0,180,124
FL1154,A320,Chennai-Pune,141.0,54.0,1190.0,180,117
FL1110,B737-800,Chennai-Pune,137.0,54.0,1190.0,174,110
FL1149,B737-800,Chennai-Kolkata,170.0,57.0,1380.0,174,140
FL1027,A320,Chennai-Bengaluru,40.0,54.0,290.0,180,156
FL1157,A321,Chennai-Bengaluru,40.0,58.0,290.0,220,184
FL1101,B737-800,Chennai-Kolkata,162.0,53.0,1380.0,174,124
FL1114,A320,Chennai-Hyderabad,61.0,55.0,510.0,180,143
FL1126,A320,Chennai-Kolkata,163.0,51.0,1380.0,180,138
FL1037,A321,Chennai-Mumbai,133.0,67.0,1030.0,220,177
FL1102,A321,Chennai-Hyderabad,56.0,58.0,510.0,220,173
FL1023,ATR72,Chennai-Pune,148.0,25.0,1190.0,72,49
FL1178,A320,Chennai-Kolkata,159.0,56.0,1380.0,180,153
FL1077,B737-800,Chennai-Mumbai,125.0,48.0,1030.0,174,148
FL1113,A320,Chennai-Kochi,80.0,61.0,520.0,180,130
FL1012,A320,Chennai-Kochi,59.0,60.0,520.0,180,121
FL1105,A320,Chennai-Pune,142.0,64.0,1190.0,180,142
FL1007,A320,Chennai-Delhi,207.0,64.0,1760.0,180,150
FL1028,A321,Chennai-Kolkata,168.0,51.0,1380.0,220,162
FL1133,A321,Chennai-Mumbai,121.0,58.0,1030.0,220,209
FL1005,B737-800,Chennai-Pune,156.0,50.0,1190.0,174,109
FL1033,A321,Chennai-Delhi,219.0,70.0,1760.0,220,170
FL1079,B737-800,Chennai-Mumbai,127.0,53.0,1030.0,174,141
FL1146,B737-800,Chennai-Madurai,53.0,46.0,460.0,174,146
FL1134,ATR72,Chennai-Delhi,216.0,36.0,1760.0,72,57
FL1129,B737-800,Chennai-Bengaluru,40.0,48.0,290.0,174,167
FL1011,A320,Chennai-Kochi,64.0,43.0,520.0,180,118
FL1171,A320,Chennai-Pune,143.0,66.0,1190.0,180,122
FL1148,B737-800,Chennai-Delhi,202.0,62.0,1760.0,174,142
FL1001,B737-800,Chennai-Kochi,59.0,40.0,520.0,174,115
FL1138,B737-800,Chennai-Madurai,51.0,32.0,460.0,174,163
FL1071,A320,Chennai-Hyderabad,71.0,55.0,510.0,180,135
FL1065,B737-800,Chennai-Hyderabad,67.0,65.0,510.0,174,141
FL1045,ATR72,Chennai-Kochi,61.0,40.0,520.0,72,50
FL1121,A320,Chennai-Bengaluru,40.0,66.0,290.0,180,153
FL1029,ATR72,Chennai-Madurai,57.0,25.0,460.0,72,63
FL1041,A320,Chennai-Mumbai,131.0,58.0,1030.0,180,136
FL1140,B737-800,Chennai-Kochi,65.0,56.0,520.0,174,94
FL1141,A320,Chennai-Kolkata,162.0,48.0,1380.0,180,149
FL1026,B737-800,Chennai-Kolkata,168.0,37.0,1380.0,174,118
FL1024,A320,Chennai-Mumbai,116.0,52.0,1030.0,180,139
FL1136,A321,Chennai-Mumbai,128.0,57.0,1030.0,220,189
FL1082,ATR72,Chennai-Hyderabad,70.0,31.0,510.0,72,55
FL1080,A321,Chennai-Pune,148.0,55.0,1190.0,220,161
FL1085,A320,Chennai-Mumbai,115.0,68.0,1030.0,180,144
FL1040,A321,Chennai-Mumbai,131.0,75.0,1030.0,220,167
FL1142,ATR72,Chennai-Bengaluru,42.0,36.0,290.0,72,67
FL1087,B737-800,Chennai-Kolkata,151.0,50.0,1380.0,174,127
FL1078,B737-800,Chennai-Madurai,44.0,46.0,460.0,174,167
FL1177,B737-800,Chennai-Mumbai,126.0,44.0,1030.0,174,161
FL1153,ATR72,Chennai-Kolkata,166.0,25.0,1380.0,72,56
FL1048,A321,Chennai-Mumbai,119.0,61.0,1030.0,220,161
FL1095,A320,Chennai-Kolkata,156.0,56.0,1380.0,180,153
FL1139,A320,Chennai-Pune,134.0,45.0,1190.0,180,148
FL1170,A321,Chennai-Madurai,68.0,52.0,460.0,220,194
FL1062,A320,Chennai-Pune,143.0,70.0,1190.0,180,120
FL1074,B737-800,Chennai-Mumbai,113.0,40.0,1030.0,174,126
FL1034,A321,Chennai-Bengaluru,40.0,64.0,290.0,220,190
FL1044,B737-800,Chennai-Madurai,49.0,54.0,460.0,174,140
FL1137,A321,Chennai-Hyderabad,66.0,74.0,510.0,220,173
FL1143,A321,Chennai-Kolkata,175.0,56.0,1380.0,220,175
FL1063,A320,Chennai-Madurai,64.0,72.0,460.0,180,155
FL1026,B737-800,Chennai-Kolkata,168.0,37.0,1380.0,174,118
FL1174,B737-800,Chennai-Pune,150.0,39.0,1190.0,174,119
FL1125,A320,Chennai-Kolkata,152.0,61.0,1380.0,180,135
FL1106,ATR72,Chennai-Madurai,44.0,47.0,460.0,72,68
FL1054,B737-800,Chennai-Hyderabad,50.0,53.0,510.0,174,134
FL1006,ATR72,Chennai-Pune,141.0,43.0,1190.0,72,52
FL1164,A321,Chennai-Hyderabad,44.0,69.0,510.0,220,184
FL1004,B737-800,Chennai-Madurai,50.0,39.0,460.0,174,151
FL1169,A321,Chennai-Pune,149.0,60.0,1190.0,220,151
FL1050,A321,Chennai-Bengaluru,40.0,71.0,290.0,220,175
FL1036,ATR72,Chennai-Pune,136.0,25.0,1190.0,72,52
FL1081,B737-800,Chennai-Kochi,72.0,46.0,520.0,174,107
FL1035,A321,Chennai-Hyderabad,65.0,61.0,510.0,220,176
FL1008,A320,Chennai-Bengaluru,41.0,,290.0,180,160
FL1111,B737-800,Chennai-Mumbai,133.0,51.0,1030.0,174,145
FL1092,A320,Chennai-Delhi,200.0,51.0,1760.0,180,135
FL1084,B737-800,Chennai-Pune,151.0,49.0,1190.0,174,141
FL1160,ATR72,Chennai-Bengaluru,40.0,26.0,290.0,72,59
FL1165,B737-800,Chennai-Kolkata,170.0,45.0,1380.0,174,129
FL1090,A320,Chennai-Bengaluru,44.0,70.0,290.0,180,151
FL1009,A320,Chennai-Kolkata,159.0,38.0,1380.0,180,140
FL1014,ATR72,Chennai-Hyderabad,52.0,44.0,510.0,72,66
FL1060,B737-800,Chennai-Madurai,71.0,58.0,460.0,174,160
FL1156,ATR72,Chennai-Kolkata,159.0,25.0,1380.0,72,50
FL1132,A321,Chennai-Delhi,220.0,51.0,1760.0,220,174
FL1018,A320,Chennai-Madurai,46.0,63.0,460.0,180,151
FL1073,A321,Chennai-Kochi,67.0,73.0,520.0,220,124
FL1159,B737-800,Chennai-Pune,140.0,51.0,1190.0,174,115
FL1135,A320,Chennai-Mumbai,128.0,59.0,1030.0,180,151
FL1168,A320,Chennai-Pune,141.0,59.0,1190.0,180,131
FL1167,B737-800,Chennai-Pune,152.0,37.0,1190.0,174,121
FL1064,A320,Chennai-Kolkata,165.0,56.0,1380.0,180,132
FL1055,B737-800,Chennai-Kolkata,155.0,58.0,1380.0,174,136
FL1108,A320,Chennai-Hyderabad,50.0,55.0,510.0,180,145
FL1051,A320,Chennai-Pune,142.0,49.0,1190.0,180,112
FL1179,A320,Chennai-Mumbai,135.0,55.0,1030.0,180,151
FL1059,A320,Chennai-Bengaluru,40.0,56.0,290.0,180,141
FL1049,B737-800,Chennai-Kolkata,163.0,42.0,1380.0,174,120
FL1089,A320,Chennai-Mumbai,127.0,51.0,1030.0,180,145
FL1022,B737-800,Chennai-Kolkata,178.0,51.0,1380.0,174,130
FL1058,B737-800,Chennai-Hyderabad,57.0,63.0,510.0,174,136
FL1176,B737-800,Chennai-Mumbai,126.0,51.0,1030.0,174,147
FL1130,B737-800,Chennai-Pune,165.0,37.0,1190.0,174,125
FL1038,B737-800,Chennai-Bengaluru,40.0,40.0,290.0,174,167
FL1158,B737-800,Chennai-Delhi,220.0,49.0,1760.0,174,140
FL1172,A321,Chennai-Madurai,58.0,50.0,460.0,220,203
FL1002,A320,Chennai-Mumbai,128.0,63.0,1030.0,180,171
FL1053,A321,Chennai-Madurai,53.0,75.0,460.0,220,194
FL1150,B737-800,Chennai-Delhi,227.0,55.0,1760.0,174,128
FL1131,A320,Chennai-Hyderabad,49.0,44.0,510.0,180,166
FL1152,A320,Chennai-Kolkata,161.0,54.0,1380.0,180,135
FL1104,ATR72,Chennai-Kolkata,167.0,43.0,1380.0,72,52
FL1100,ATR72,Chennai-Pune,142.0,40.0,1190.0,72,51
FL1117,A320,Chennai-Pune,146.0,61.0,1190.0,180,136
FL1088,B737-800,Chennai-Hyderabad,64.0,50.0,510.0,174,133
FL1075,A321,Chennai-Madurai,64.0,66.0,460.0,220,196
FL1122,B737-800,Chennai-Delhi,231.0,58.0,1760.0,174,125
FL1111,B737-800,Chennai-Mumbai,133.0,51.0,1030.0,174,145
FL1021,ATR72,Chennai-Kochi,61.0,25.0,520.0,72,45
FL1072,A321,Chennai-Hyderabad,68.0,62.0,510.0,220,155
FL1107,B737-800,Chennai-Pune,157.0,57.0,1190.0,174,127
FL1015,A320,Chennai-Pune,154.0,42.0,1190.0,180,140
FL1093,B737-800,Chennai-Delhi,209.0,46.0,1760.0,174,125
FL1180,A320,Chennai-Kochi,71.0,59.0,520.0,180,127
FL1103,A321,Chennai-Hyderabad,62.0,67.0,510.0,220,191
